﻿<?xml version="1.0" encoding="utf-8"?>
<Quizzes>
  <Quiz name="Capitals (Sample Quiz)" date="2020-08-04 14:20:21">
    <Question type="FITB">
      <Prompt>What is the capital of Alaska?</Prompt>
      <Answer>Juneau</Answer>
    </Question>
    <Question type="MC">
      <Prompt>What is the capital of California?</Prompt>
      <Answer>3</Answer>
      <Choices>
        <Choice>Los Angeles</Choice>
        <Choice>San Francisco</Choice>
        <Choice>Sacramento</Choice>
        <Choice>Redding</Choice>
        <Choice>Austin</Choice>
      </Choices>
    </Question>
    <Question type="MC">
      <Prompt>Hartford is the capital of Connecticut?</Prompt>
      <Answer>1</Answer>
      <Choices>
        <Choice>True</Choice>
        <Choice>False</Choice>
      </Choices>
    </Question>
    <Question type="FITB">
      <Prompt>What is the capital of Arizona?</Prompt>
      <Answer>Phoenix</Answer>
    </Question>
  </Quiz>
</Quizzes>